scenario,split,level,auc_mean,ci_low,ci_high,n_seeds
S1_基准,oot,L0_内地单方_GBDT,0.6962579074341803,0.668065832334052,0.7244499825343085,5.0
S1_基准,oot,L0_内地单方_LR,0.7162153868478432,0.6875076025584236,0.7449231711372629,5.0
S1_基准,oot,L1_加k匿名统计_LR,0.7148223658641725,0.6844231753573037,0.7452215563710413,5.0
S1_基准,oot,L2_加粗粒度标记_LR,0.7235184752201825,0.69919666460095,0.7478402858394151,5.0
S1_基准,oot,L3a_联邦LR,0.7938026147592148,0.7581214352342515,0.8294837942841781,5.0
S1_基准,oot,L3b_纵向GBDT,0.7759886072424755,0.7399933403202236,0.8119838741647275,5.0
S1_基准,oot,L3c_SplitNN_形态A双向,0.7743400192571552,0.7325575877701198,0.8161224507441907,5.0
S1_基准,oot,L3c_SplitNN_形态B自监督,0.722669203922052,0.6652624299928802,0.7800759778512238,5.0
S1_基准,oot,L3c_SplitNN_形态B随机,0.7195453791231174,0.6872176769281351,0.7518730813180998,5.0
S1_基准,oot,L4_集中式_GBDT,0.7759886072424755,0.7399933403202236,0.8119838741647275,5.0
S1_基准,oot,L4_集中式_LR,0.7936271708411764,0.7580213920665231,0.8292329496158297,5.0
S1_基准,random,L0_内地单方_GBDT,0.67578857663136,0.6240471793379395,0.7275299739247806,5.0
S1_基准,random,L0_内地单方_LR,0.7088802470357681,0.6739999155267408,0.7437605785447955,5.0
S1_基准,random,L1_加k匿名统计_LR,0.7068272311605831,0.669727150532571,0.7439273117885952,5.0
S1_基准,random,L2_加粗粒度标记_LR,0.7156760212718929,0.6784393366964263,0.7529127058473595,5.0
S1_基准,random,L3a_联邦LR,0.7868358517562435,0.7365259937454295,0.8371457097670575,5.0
S1_基准,random,L3b_纵向GBDT,0.7639075204629631,0.711217899429183,0.8165971414967431,5.0
S1_基准,random,L3c_SplitNN_形态A双向,0.7689649935594348,0.6957777482464033,0.8421522388724664,5.0
S1_基准,random,L3c_SplitNN_形态B自监督,0.7401662629291617,0.698854774755809,0.7814777511025143,5.0
S1_基准,random,L3c_SplitNN_形态B随机,0.7266531475812513,0.6762615487131662,0.7770447464493364,5.0
S1_基准,random,L4_集中式_GBDT,0.7639075204629631,0.711217899429183,0.8165971414967431,5.0
S1_基准,random,L4_集中式_LR,0.7867339380283298,0.7362175229502322,0.8372503531064274,5.0
S2_零互补,oot,L0_内地单方_GBDT,0.6941076658837767,0.6515826244846915,0.7366327072828619,5.0
S2_零互补,oot,L0_内地单方_LR,0.721052005005237,0.6808289551806193,0.7612750548298548,5.0
S2_零互补,oot,L1_加k匿名统计_LR,0.7182038175740062,0.678710381685117,0.7576972534628954,5.0
S2_零互补,oot,L2_加粗粒度标记_LR,0.7230765131598578,0.6843749901866112,0.7617780361331044,5.0
S2_零互补,oot,L3a_联邦LR,0.7382634493123337,0.6931637278170276,0.7833631708076397,5.0
S2_零互补,oot,L3b_纵向GBDT,0.7098119836890107,0.663154891417373,0.7564690759606483,5.0
S2_零互补,oot,L3c_SplitNN_形态A双向,0.7193238304348364,0.6693595706881424,0.7692880901815303,5.0
S2_零互补,oot,L3c_SplitNN_形态B自监督,0.7068427416115458,0.6567547910599506,0.756930692163141,5.0
S2_零互补,oot,L3c_SplitNN_形态B随机,0.6927548355703277,0.6545164849191335,0.7309931862215219,5.0
S2_零互补,oot,L4_集中式_GBDT,0.7098119836890107,0.663154891417373,0.7564690759606483,5.0
S2_零互补,oot,L4_集中式_LR,0.737983555933879,0.6932374578334382,0.7827296540343198,5.0
S2_零互补,random,L0_内地单方_GBDT,0.6993812560839353,0.6605427677990678,0.7382197443688028,5.0
S2_零互补,random,L0_内地单方_LR,0.7214788933005957,0.6796710276556261,0.7632867589455652,5.0
S2_零互补,random,L1_加k匿名统计_LR,0.719107347492214,0.6742261449642556,0.7639885500201725,5.0
S2_零互补,random,L2_加粗粒度标记_LR,0.7246093149026149,0.6835134876361266,0.7657051421691032,5.0
S2_零互补,random,L3a_联邦LR,0.7468897724298375,0.7136980883687478,0.7800814564909271,5.0
S2_零互补,random,L3b_纵向GBDT,0.7285807755744047,0.6842104541182985,0.7729510970305109,5.0
S2_零互补,random,L3c_SplitNN_形态A双向,0.7343927263737059,0.6937271273402096,0.7750583254072022,5.0
S2_零互补,random,L3c_SplitNN_形态B自监督,0.726995108887151,0.6919353980979195,0.7620548196763826,5.0
S2_零互补,random,L3c_SplitNN_形态B随机,0.7105536471885375,0.6708371546504127,0.7502701397266623,5.0
S2_零互补,random,L4_集中式_GBDT,0.7285807755744047,0.6842104541182985,0.7729510970305109,5.0
S2_零互补,random,L4_集中式_LR,0.7468820436521093,0.7136557655639042,0.7801083217403144,5.0
S3_高互补,oot,L0_内地单方_GBDT,0.6439217340869144,0.6248666648694791,0.6629768033043498,5.0
S3_高互补,oot,L0_内地单方_LR,0.692517034927586,0.6679033219584172,0.7171307478967548,5.0
S3_高互补,oot,L1_加k匿名统计_LR,0.6925057748703342,0.6669916037153767,0.7180199460252916,5.0
S3_高互补,oot,L2_加粗粒度标记_LR,0.7103201911507053,0.6847184576419394,0.7359219246594713,5.0
S3_高互补,oot,L3a_联邦LR,0.8990587593948286,0.8839245349472293,0.9141929838424279,5.0
S3_高互补,oot,L3b_纵向GBDT,0.8633072590790437,0.8351479793106943,0.8914665388473931,5.0
S3_高互补,oot,L3c_SplitNN_形态A双向,0.8890348729232155,0.8711532578551224,0.9069164879913085,5.0
S3_高互补,oot,L3c_SplitNN_形态B自监督,0.7857687609827787,0.742444320320581,0.8290932016449764,5.0
S3_高互补,oot,L3c_SplitNN_形态B随机,0.7716145692865115,0.7371915105391861,0.8060376280338369,5.0
S3_高互补,oot,L4_集中式_GBDT,0.8633072590790437,0.8351479793106943,0.8914665388473931,5.0
S3_高互补,oot,L4_集中式_LR,0.8989800670268746,0.8839040943560191,0.9140560396977301,5.0
S3_高互补,random,L0_内地单方_GBDT,0.6453231769921748,0.5829044319951387,0.7077419219892108,5.0
S3_高互补,random,L0_内地单方_LR,0.6921923038281828,0.6507404775084041,0.7336441301479614,5.0
S3_高互补,random,L1_加k匿名统计_LR,0.6936751876407731,0.6456683961252575,0.7416819791562886,5.0
S3_高互补,random,L2_加粗粒度标记_LR,0.714139138747132,0.6615982034746756,0.7666800740195884,5.0
S3_高互补,random,L3a_联邦LR,0.9011169314631792,0.86606553484803,0.9361683280783284,5.0
S3_高互补,random,L3b_纵向GBDT,0.8722928934759407,0.8267708257863462,0.9178149611655353,5.0
S3_高互补,random,L3c_SplitNN_形态A双向,0.8822273357295847,0.8379642836655363,0.926490387793633,5.0
S3_高互补,random,L3c_SplitNN_形态B自监督,0.7821898812235919,0.7323503644584239,0.8320293979887599,5.0
S3_高互补,random,L3c_SplitNN_形态B随机,0.7702943131686693,0.7151102016875743,0.8254784246497642,5.0
S3_高互补,random,L4_集中式_GBDT,0.8722928934759407,0.8267708257863462,0.9178149611655353,5.0
S3_高互补,random,L4_集中式_LR,0.9007779372958626,0.8655563320654177,0.9359995425263076,5.0
S4_高冗余,oot,L0_内地单方_GBDT,0.7144711569373052,0.6730463150390998,0.7558959988355106,5.0
S4_高冗余,oot,L0_内地单方_LR,0.746317306826725,0.7158161818997477,0.7768184317537024,5.0
S4_高冗余,oot,L1_加k匿名统计_LR,0.7440996819206577,0.7126799119226295,0.7755194519186859,5.0
S4_高冗余,oot,L2_加粗粒度标记_LR,0.7482104371022391,0.7167590087974396,0.7796618654070386,5.0
S4_高冗余,oot,L3a_联邦LR,0.8039225576410731,0.7709269041158058,0.8369182111663405,5.0
S4_高冗余,oot,L3b_纵向GBDT,0.7726493405010144,0.74453744660655,0.8007612343954789,5.0
S4_高冗余,oot,L3c_SplitNN_形态A双向,0.7698400229566701,0.7357012691515131,0.803978776761827,5.0
S4_高冗余,oot,L3c_SplitNN_形态B自监督,0.7233101284204754,0.6577378394482225,0.7888824173927282,5.0
S4_高冗余,oot,L3c_SplitNN_形态B随机,0.7113656963412509,0.6704995015106988,0.752231891171803,5.0
S4_高冗余,oot,L4_集中式_GBDT,0.7726493405010144,0.74453744660655,0.8007612343954789,5.0
S4_高冗余,oot,L4_集中式_LR,0.8035253119871681,0.7708176815602101,0.8362329424141262,5.0
S4_高冗余,random,L0_内地单方_GBDT,0.7339121184100487,0.6833797575848737,0.7844444792352236,5.0
S4_高冗余,random,L0_内地单方_LR,0.7536088541901578,0.7103448452676304,0.7968728631126851,5.0
S4_高冗余,random,L1_加k匿名统计_LR,0.7477113480960647,0.7045494310040116,0.7908732651881177,5.0
S4_高冗余,random,L2_加粗粒度标记_LR,0.7562739267207933,0.7109942504714554,0.8015536029701312,5.0
S4_高冗余,random,L3a_联邦LR,0.8162600907435996,0.7680620410221819,0.8644581404650173,5.0
S4_高冗余,random,L3b_纵向GBDT,0.7676352683092904,0.7045042297198265,0.8307663068987543,5.0
S4_高冗余,random,L3c_SplitNN_形态A双向,0.7760718865446594,0.7028423337344665,0.8493014393548524,5.0
S4_高冗余,random,L3c_SplitNN_形态B自监督,0.7472888074520841,0.7009601554487905,0.7936174594553778,5.0
S4_高冗余,random,L3c_SplitNN_形态B随机,0.7474508795167016,0.6983973334375643,0.796504425595839,5.0
S4_高冗余,random,L4_集中式_GBDT,0.7676352683092904,0.7045042297198265,0.8307663068987543,5.0
S4_高冗余,random,L4_集中式_LR,0.8161626570598081,0.7679652972366109,0.8643600168830052,5.0
S5_低重叠高漂移,oot,L0_内地单方_GBDT,0.6470741180512579,0.5774177461996615,0.7167304899028544,5.0
S5_低重叠高漂移,oot,L0_内地单方_LR,0.7037254769873671,0.6343087879665181,0.7731421660082161,5.0
S5_低重叠高漂移,oot,L1_加k匿名统计_LR,0.7045198853765469,0.6334555575480462,0.7755842132050476,5.0
S5_低重叠高漂移,oot,L2_加粗粒度标记_LR,0.7117049294289238,0.6422617783477774,0.7811480805100702,5.0
S5_低重叠高漂移,oot,L3a_联邦LR,0.7953556228121814,0.7436605488751321,0.8470506967492307,5.0
S5_低重叠高漂移,oot,L3b_纵向GBDT,0.7195659766712925,0.5786569586457029,0.8604749946968822,5.0
S5_低重叠高漂移,oot,L3c_SplitNN_形态A双向,0.6820617178164998,0.6265790805122773,0.7375443551207224,5.0
S5_低重叠高漂移,oot,L3c_SplitNN_形态B自监督,0.6392142745105078,0.5804600378633288,0.6979685111576869,5.0
S5_低重叠高漂移,oot,L3c_SplitNN_形态B随机,0.635206811347597,0.5834223945378187,0.6869912281573753,5.0
S5_低重叠高漂移,oot,L4_集中式_GBDT,0.7195659766712925,0.5786569586457029,0.8604749946968822,5.0
S5_低重叠高漂移,oot,L4_集中式_LR,0.8013496850046117,0.7554119456711915,0.8472874243380318,5.0
S5_低重叠高漂移,random,L0_内地单方_GBDT,0.6543541662675306,0.5583008675501268,0.7504074649849345,5.0
S5_低重叠高漂移,random,L0_内地单方_LR,0.687665878550489,0.628578378423341,0.746753378677637,5.0
S5_低重叠高漂移,random,L1_加k匿名统计_LR,0.681906764118684,0.6248408176085727,0.7389727106287953,5.0
S5_低重叠高漂移,random,L2_加粗粒度标记_LR,0.683644207412177,0.5953449208377247,0.7719434939866293,5.0
S5_低重叠高漂移,random,L3a_联邦LR,0.7520182567638332,0.653403220109767,0.8506332934178993,5.0
S5_低重叠高漂移,random,L3b_纵向GBDT,0.7561547794629705,0.6583329076168173,0.8539766513091237,5.0
S5_低重叠高漂移,random,L3c_SplitNN_形态A双向,0.6772667671344179,0.5545580409329861,0.7999754933358497,5.0
S5_低重叠高漂移,random,L3c_SplitNN_形态B自监督,0.6200394118571528,0.49765859332152884,0.7424202303927768,5.0
S5_低重叠高漂移,random,L3c_SplitNN_形态B随机,0.5999793228733645,0.4885616460734862,0.7113969996732429,5.0
S5_低重叠高漂移,random,L4_集中式_GBDT,0.7561547794629705,0.6583329076168173,0.8539766513091237,5.0
S5_低重叠高漂移,random,L4_集中式_LR,0.7733116117613272,0.6864865637629173,0.8601366597597372,5.0
S6_匹配噪声,oot,L0_内地单方_GBDT,0.6962579074341803,0.668065832334052,0.7244499825343085,5.0
S6_匹配噪声,oot,L0_内地单方_LR,0.7162153868478432,0.6875076025584236,0.7449231711372629,5.0
S6_匹配噪声,oot,L1_加k匿名统计_LR,0.7140548427770973,0.6834170343253578,0.7446926512288368,5.0
S6_匹配噪声,oot,L2_加粗粒度标记_LR,0.7212009422565174,0.6962661008197168,0.746135783693318,5.0
S6_匹配噪声,oot,L3a_联邦LR,0.7919416609897832,0.7555578668772426,0.8283254551023239,5.0
S6_匹配噪声,oot,L3b_纵向GBDT,0.7672896652024408,0.7355148720343015,0.79906445837058,5.0
S6_匹配噪声,oot,L3c_SplitNN_形态A双向,0.7703757013285364,0.7270850143335388,0.813666388323534,5.0
S6_匹配噪声,oot,L3c_SplitNN_形态B自监督,0.7182302019197234,0.6657839488625543,0.7706764549768925,5.0
S6_匹配噪声,oot,L3c_SplitNN_形态B随机,0.7155917868620498,0.6841686066319058,0.7470149670921938,5.0
S6_匹配噪声,oot,L4_集中式_GBDT,0.7672896652024408,0.7355148720343015,0.79906445837058,5.0
S6_匹配噪声,oot,L4_集中式_LR,0.7917547986129608,0.7554187350366609,0.8280908621892608,5.0
S6_匹配噪声,random,L0_内地单方_GBDT,0.67578857663136,0.6240471793379395,0.7275299739247806,5.0
S6_匹配噪声,random,L0_内地单方_LR,0.7088802470357681,0.6739999155267408,0.7437605785447955,5.0
S6_匹配噪声,random,L1_加k匿名统计_LR,0.7078281979397756,0.6713765690790279,0.7442798268005233,5.0
S6_匹配噪声,random,L2_加粗粒度标记_LR,0.7131590995393119,0.6757178004039137,0.7506003986747101,5.0
S6_匹配噪声,random,L3a_联邦LR,0.7811021903622768,0.7266539546972202,0.8355504260273334,5.0
S6_匹配噪声,random,L3b_纵向GBDT,0.7543328476244152,0.6947337601767255,0.8139319350721049,5.0
S6_匹配噪声,random,L3c_SplitNN_形态A双向,0.7624632179576039,0.6886615823667697,0.836264853548438,5.0
S6_匹配噪声,random,L3c_SplitNN_形态B自监督,0.7404656756488973,0.6907661238042813,0.7901652274935134,5.0
S6_匹配噪声,random,L3c_SplitNN_形态B随机,0.7223417718275138,0.6725437798684092,0.7721397637866184,5.0
S6_匹配噪声,random,L4_集中式_GBDT,0.7543328476244152,0.6947337601767255,0.8139319350721049,5.0
S6_匹配噪声,random,L4_集中式_LR,0.7810648638691704,0.7265372822049178,0.835592445533423,5.0
S7_同意选择偏差,oot,L0_内地单方_GBDT,0.6249673087525498,0.5857684028294343,0.6641662146756653,5.0
S7_同意选择偏差,oot,L0_内地单方_LR,0.6477142524926525,0.6135233629773333,0.6819051420079716,5.0
S7_同意选择偏差,oot,L1_加k匿名统计_LR,0.6425836073844933,0.6066380496892237,0.6785291650797628,5.0
S7_同意选择偏差,oot,L2_加粗粒度标记_LR,0.6574523183357358,0.6220495607809019,0.6928550758905697,5.0
S7_同意选择偏差,oot,L3a_联邦LR,0.7397274235105481,0.6972375143090244,0.7822173327120718,5.0
S7_同意选择偏差,oot,L3b_纵向GBDT,0.710799775050371,0.6653580702426987,0.7562414798580432,5.0
S7_同意选择偏差,oot,L3c_SplitNN_形态A双向,0.7175532523244585,0.6794843075284853,0.7556221971204318,5.0
S7_同意选择偏差,oot,L3c_SplitNN_形态B自监督,0.6491248577483434,0.6156449739269783,0.6826047415697085,5.0
S7_同意选择偏差,oot,L3c_SplitNN_形态B随机,0.6442216201856354,0.6206541011575684,0.6677891392137025,5.0
S7_同意选择偏差,oot,L4_集中式_GBDT,0.710799775050371,0.6653580702426987,0.7562414798580432,5.0
S7_同意选择偏差,oot,L4_集中式_LR,0.7399815214441314,0.6975820748902831,0.7823809679979797,5.0
S7_同意选择偏差,random,L0_内地单方_GBDT,0.6488552556570089,0.6198409912908744,0.6778695200231433,5.0
S7_同意选择偏差,random,L0_内地单方_LR,0.6847980993628351,0.658239851648843,0.7113563470768272,5.0
S7_同意选择偏差,random,L1_加k匿名统计_LR,0.6834051484289319,0.6538725531243472,0.7129377437335165,5.0
S7_同意选择偏差,random,L2_加粗粒度标记_LR,0.684609285362004,0.6626593303865425,0.7065592403374656,5.0
S7_同意选择偏差,random,L3a_联邦LR,0.7453306862994149,0.6889726618323347,0.8016887107664951,5.0
S7_同意选择偏差,random,L3b_纵向GBDT,0.7139432336024173,0.6617764341052083,0.7661100330996263,5.0
S7_同意选择偏差,random,L3c_SplitNN_形态A双向,0.707169318984774,0.644824248576541,0.769514389393007,5.0
S7_同意选择偏差,random,L3c_SplitNN_形态B自监督,0.6640272870186823,0.6175135088443319,0.7105410651930327,5.0
S7_同意选择偏差,random,L3c_SplitNN_形态B随机,0.6399310205080733,0.6141188910785396,0.665743149937607,5.0
S7_同意选择偏差,random,L4_集中式_GBDT,0.7139432336024173,0.6617764341052083,0.7661100330996263,5.0
S7_同意选择偏差,random,L4_集中式_LR,0.7455562656633752,0.6893642077804037,0.8017483235463466,5.0
S8_稀疏正样本,oot,L0_内地单方_GBDT,0.6634921363625358,0.6103940398005885,0.7165902329244831,5.0
S8_稀疏正样本,oot,L0_内地单方_LR,0.7368409491803151,0.6959665131964785,0.7777153851641516,5.0
S8_稀疏正样本,oot,L1_加k匿名统计_LR,0.7349353233774023,0.6908992330557872,0.7789714136990175,5.0
S8_稀疏正样本,oot,L2_加粗粒度标记_LR,0.7356351577766675,0.6845585112848372,0.7867118042684978,5.0
S8_稀疏正样本,oot,L3a_联邦LR,0.8437358408298149,0.8212789768220651,0.8661927048375647,5.0
S8_稀疏正样本,oot,L3b_纵向GBDT,0.7952737096060003,0.7552755493398856,0.835271869872115,5.0
S8_稀疏正样本,oot,L3c_SplitNN_形态A双向,0.826172968965776,0.8059212434531231,0.8464246944784288,5.0
S8_稀疏正样本,oot,L3c_SplitNN_形态B自监督,0.7222721692381698,0.6732017562744048,0.7713425822019349,5.0
S8_稀疏正样本,oot,L3c_SplitNN_形态B随机,0.7033287676417765,0.6575561359954653,0.7491013992880878,5.0
S8_稀疏正样本,oot,L4_集中式_GBDT,0.7952737096060003,0.7552755493398856,0.835271869872115,5.0
S8_稀疏正样本,oot,L4_集中式_LR,0.8419396724164327,0.8196245406452101,0.8642548041876554,5.0
S8_稀疏正样本,random,L0_内地单方_GBDT,0.6726840296347548,0.5854755035062642,0.7598925557632454,5.0
S8_稀疏正样本,random,L0_内地单方_LR,0.7442075475493306,0.678268174645682,0.8101469204529792,5.0
S8_稀疏正样本,random,L1_加k匿名统计_LR,0.7374956422792371,0.665992647333967,0.8089986372245073,5.0
S8_稀疏正样本,random,L2_加粗粒度标记_LR,0.7539694195870646,0.6971818096511117,0.8107570295230176,5.0
S8_稀疏正样本,random,L3a_联邦LR,0.8528425275773864,0.7749547563580436,0.9307302987967293,5.0
S8_稀疏正样本,random,L3b_纵向GBDT,0.8008689658843334,0.6998424242666536,0.9018955075020133,5.0
S8_稀疏正样本,random,L3c_SplitNN_形态A双向,0.8224751049244787,0.7108730522409069,0.9340771576080505,5.0
S8_稀疏正样本,random,L3c_SplitNN_形态B自监督,0.7491482296252592,0.6687549206976816,0.8295415385528367,5.0
S8_稀疏正样本,random,L3c_SplitNN_形态B随机,0.7432264281000205,0.6654277084097617,0.8210251477902792,5.0
S8_稀疏正样本,random,L4_集中式_GBDT,0.8008689658843334,0.6998424242666536,0.9018955075020133,5.0
S8_稀疏正样本,random,L4_集中式_LR,0.8521653227570818,0.7730414509340455,0.931289194580118,5.0
