valid_auc,test_auc,point,level,seed,n_points,scenario,signal_form,complementarity
0.6377175232699311,0.6398763273763274,{'c_reg': 0.01},L0_LR,11,5,N1_交互_基准,interaction,0.8
0.6597329016592473,0.6420940170940171,"{'c_reg': 100.0, 'k_anonymity': 5, 'n_segments': 1024}",L1_LR,11,60,N1_交互_基准,interaction,0.8
0.6221570214488061,0.6370920745920746,{'c_reg': 0.01},L2_LR,11,5,N1_交互_基准,interaction,0.8
0.6434641845406718,0.6218272468272469,{'c_reg': 10.0},L4_LR,11,5,N1_交互_基准,interaction,0.8
0.6431606636989073,0.6219243719243719,"{'flr_l2': 1e-05, 'flr_lr': 1.0, 'flr_rounds': 800}",L3a_联邦LR,11,27,N1_交互_基准,interaction,0.8
0.6401355726426549,0.6410094535094535,"{'gbdt_lr': 0.05, 'max_depth': 3, 'n_rounds': 30, 'reg_lambda': 0.1}",L3b_纵向GBDT,11,81,N1_交互_基准,interaction,0.8
0.6433630109267503,0.6723808598808599,"{'dim_embed': 4, 'dim_hidden': 8, 'nn_epochs': 16, 'nn_lr': 0.01}",L3c_SplitNN,11,54,N1_交互_基准,interaction,0.8
0.7777046387361574,0.7577185244587009,{'c_reg': 0.1},L0_LR,22,5,N1_交互_基准,interaction,0.8
0.7874428870130876,0.7586708099438653,"{'c_reg': 100.0, 'k_anonymity': 5, 'n_segments': 16}",L1_LR,22,60,N1_交互_基准,interaction,0.8
0.7779176024161698,0.7579357123763699,{'c_reg': 100.0},L2_LR,22,5,N1_交互_基准,interaction,0.8
0.8026601099667002,0.7649024325046778,{'c_reg': 1.0},L4_LR,22,5,N1_交互_基准,interaction,0.8
0.80271819097034,0.7645348837209303,"{'flr_l2': 0.0001, 'flr_lr': 1.0, 'flr_rounds': 200}",L3a_联邦LR,22,27,N1_交互_基准,interaction,0.8
0.8114884225199411,0.77450882117081,"{'gbdt_lr': 0.3, 'max_depth': 3, 'n_rounds': 30, 'reg_lambda': 10.0}",L3b_纵向GBDT,22,81,N1_交互_基准,interaction,0.8
0.817180360876636,0.7476109329056402,"{'dim_embed': 2, 'dim_hidden': 32, 'nn_epochs': 16, 'nn_lr': 0.01}",L3c_SplitNN,22,54,N1_交互_基准,interaction,0.8
0.7199894142554693,0.7878439942220082,{'c_reg': 100.0},L0_LR,33,5,N1_交互_基准,interaction,0.8
0.7267642907551164,0.7706766917293233,"{'c_reg': 100.0, 'k_anonymity': 5, 'n_segments': 256}",L1_LR,33,60,N1_交互_基准,interaction,0.8
0.7338038108680309,0.7912885662431942,{'c_reg': 1.0},L2_LR,33,5,N1_交互_基准,interaction,0.8
0.8173076923076923,0.840975591688581,{'c_reg': 0.1},L4_LR,33,5,N1_交互_基准,interaction,0.8
0.8182427664079039,0.8428089929256639,"{'flr_l2': 0.0001, 'flr_lr': 0.1, 'flr_rounds': 200}",L3a_联邦LR,33,27,N1_交互_基准,interaction,0.8
0.7944954128440368,0.7877884366087633,"{'gbdt_lr': 0.3, 'max_depth': 2, 'n_rounds': 30, 'reg_lambda': 0.1}",L3b_纵向GBDT,33,81,N1_交互_基准,interaction,0.8
0.7987649964714185,0.8089188488462535,"{'dim_embed': 4, 'dim_hidden': 8, 'nn_epochs': 16, 'nn_lr': 0.03}",L3c_SplitNN,33,54,N1_交互_基准,interaction,0.8
0.7266937191249118,0.7147633521493704,{'c_reg': 100.0},L0_LR,44,5,N1_交互_基准,interaction,0.8
0.7509880028228652,0.719510783036619,"{'c_reg': 100.0, 'k_anonymity': 5, 'n_segments': 1024}",L1_LR,44,60,N1_交互_基准,interaction,0.8
0.7349505998588567,0.7247792734114923,{'c_reg': 10.0},L2_LR,44,5,N1_交互_基准,interaction,0.8
0.8061926605504588,0.7543928209581705,{'c_reg': 0.01},L4_LR,44,5,N1_交互_基准,interaction,0.8
0.8074453069865913,0.7549138804457953,"{'flr_l2': 0.01, 'flr_lr': 0.5, 'flr_rounds': 200}",L3a_联邦LR,44,27,N1_交互_基准,interaction,0.8
0.8312103034580098,0.7602692140686061,"{'gbdt_lr': 0.1, 'max_depth': 4, 'n_rounds': 30, 'reg_lambda': 0.1}",L3b_纵向GBDT,44,81,N1_交互_基准,interaction,0.8
0.8065102328863797,0.7528006947459834,"{'dim_embed': 2, 'dim_hidden': 8, 'nn_epochs': 16, 'nn_lr': 0.01}",L3c_SplitNN,44,54,N1_交互_基准,interaction,0.8
0.7472434704706774,0.7512605748221188,{'c_reg': 0.01},L0_LR,55,5,N1_交互_基准,interaction,0.8
0.7504479360485149,0.7514146450781556,"{'c_reg': 100.0, 'k_anonymity': 20, 'n_segments': 256}",L1_LR,55,60,N1_交互_基准,interaction,0.8
0.7567707256563986,0.7547901843240518,{'c_reg': 100.0},L2_LR,55,5,N1_交互_基准,interaction,0.8
0.7728619667838192,0.7715978486189703,{'c_reg': 1.0},L4_LR,55,5,N1_交互_基准,interaction,0.8
0.7728275101647026,0.7717379124880945,"{'flr_l2': 1e-05, 'flr_lr': 1.0, 'flr_rounds': 800}",L3a_联邦LR,55,27,N1_交互_基准,interaction,0.8
0.769743642753773,0.7391310437559526,"{'gbdt_lr': 0.3, 'max_depth': 3, 'n_rounds': 120, 'reg_lambda': 10.0}",L3b_纵向GBDT,55,81,N1_交互_基准,interaction,0.8
0.8067500516849286,0.7506863129587091,"{'dim_embed': 8, 'dim_hidden': 8, 'nn_epochs': 16, 'nn_lr': 0.003}",L3c_SplitNN,55,54,N1_交互_基准,interaction,0.8
0.6141121908127208,0.6551636904761905,{'c_reg': 0.01},L0_LR,11,5,N2_交互_高,interaction,2.0
0.6476369257950529,0.6405208333333333,"{'c_reg': 100.0, 'k_anonymity': 5, 'n_segments': 1024}",L1_LR,11,60,N2_交互_高,interaction,2.0
0.5918727915194346,0.6327678571428572,{'c_reg': 0.01},L2_LR,11,5,N2_交互_高,interaction,2.0
0.654726148409894,0.6527529761904762,{'c_reg': 100.0},L4_LR,11,5,N2_交互_高,interaction,2.0
0.6545936395759717,0.6527678571428572,"{'flr_l2': 1e-05, 'flr_lr': 0.5, 'flr_rounds': 800}",L3a_联邦LR,11,27,N2_交互_高,interaction,2.0
0.8548586572438162,0.7138541666666667,"{'gbdt_lr': 0.3, 'max_depth': 3, 'n_rounds': 120, 'reg_lambda': 1.0}",L3b_纵向GBDT,11,81,N2_交互_高,interaction,2.0
0.81035777385159,0.671889880952381,"{'dim_embed': 8, 'dim_hidden': 32, 'nn_epochs': 16, 'nn_lr': 0.03}",L3c_SplitNN,11,54,N2_交互_高,interaction,2.0
0.7099311000237587,0.7534081796311147,{'c_reg': 1.0},L0_LR,22,5,N2_交互_高,interaction,2.0
0.721335234022333,0.7611434108527132,"{'c_reg': 100.0, 'k_anonymity': 5, 'n_segments': 16}",L1_LR,22,60,N2_交互_高,interaction,2.0
0.7090045141363744,0.7532076984763434,{'c_reg': 0.01},L2_LR,22,5,N2_交互_高,interaction,2.0
0.774031836540746,0.7899124565624165,{'c_reg': 0.01},L4_LR,22,5,N2_交互_高,interaction,2.0
0.7735091470658114,0.7895282010157711,"{'flr_l2': 0.01, 'flr_lr': 0.5, 'flr_rounds': 200}",L3a_联邦LR,22,27,N2_交互_高,interaction,2.0
0.8637205987170349,0.8906041165463779,"{'gbdt_lr': 0.3, 'max_depth': 3, 'n_rounds': 120, 'reg_lambda': 1.0}",L3b_纵向GBDT,22,81,N2_交互_高,interaction,2.0
0.8021620337372297,0.8095763164929163,"{'dim_embed': 2, 'dim_hidden': 32, 'nn_epochs': 16, 'nn_lr': 0.03}",L3c_SplitNN,22,54,N2_交互_高,interaction,2.0
0.683627584125547,0.787232295361976,{'c_reg': 10.0},L0_LR,33,5,N2_交互_高,interaction,2.0
0.6920024143654746,0.7790861910392852,"{'c_reg': 0.1, 'k_anonymity': 5, 'n_segments': 1024}",L1_LR,33,60,N2_交互_高,interaction,2.0
0.6905236155122981,0.7930298252529234,{'c_reg': 100.0},L2_LR,33,5,N2_交互_高,interaction,2.0
0.7769880790704693,0.8732919458678229,{'c_reg': 0.01},L4_LR,33,5,N2_交互_高,interaction,2.0
0.7770031688546853,0.8730455919064511,"{'flr_l2': 0.01, 'flr_lr': 0.1, 'flr_rounds': 400}",L3a_联邦LR,33,27,N2_交互_高,interaction,2.0
0.7993964086313566,0.80597162002365,"{'gbdt_lr': 0.3, 'max_depth': 4, 'n_rounds': 60, 'reg_lambda': 10.0}",L3b_纵向GBDT,33,81,N2_交互_高,interaction,2.0
0.7743775464010865,0.8603994218893706,"{'dim_embed': 4, 'dim_hidden': 32, 'nn_epochs': 8, 'nn_lr': 0.03}",L3c_SplitNN,33,54,N2_交互_高,interaction,2.0
0.760938602681722,0.8413540122400882,{'c_reg': 0.01},L0_LR,44,5,N2_交互_高,interaction,2.0
0.7694071983062808,0.8451742882122629,"{'c_reg': 0.01, 'k_anonymity': 5, 'n_segments': 1024}",L1_LR,44,60,N2_交互_高,interaction,2.0
0.7632674664784757,0.8411449424107652,{'c_reg': 0.01},L2_LR,44,5,N2_交互_高,interaction,2.0
0.7967360621030346,0.9002546850648117,{'c_reg': 0.1},L4_LR,44,5,N2_交互_高,interaction,2.0
0.8030522230063514,0.9023263770099212,"{'flr_l2': 0.0001, 'flr_lr': 0.1, 'flr_rounds': 200}",L3a_联邦LR,44,27,N2_交互_高,interaction,2.0
0.839484827099506,0.8796137910061961,"{'gbdt_lr': 0.1, 'max_depth': 4, 'n_rounds': 120, 'reg_lambda': 10.0}",L3b_纵向GBDT,44,81,N2_交互_高,interaction,2.0
0.8144318983768525,0.8705097502565857,"{'dim_embed': 2, 'dim_hidden': 16, 'nn_epochs': 16, 'nn_lr': 0.01}",L3c_SplitNN,44,54,N2_交互_高,interaction,2.0
0.688115912066708,0.7159003180681223,{'c_reg': 0.01},L0_LR,55,5,N2_交互_高,interaction,2.0
0.6922162497415754,0.7154834326652874,"{'c_reg': 0.01, 'k_anonymity': 5, 'n_segments': 1024}",L1_LR,55,60,N2_交互_高,interaction,2.0
0.6943008751981257,0.7216440725071795,{'c_reg': 0.01},L2_LR,55,5,N2_交互_高,interaction,2.0
0.704500034456619,0.7343204767933792,{'c_reg': 0.01},L4_LR,55,5,N2_交互_高,interaction,2.0
0.7031389980015161,0.7339035913905444,"{'flr_l2': 0.01, 'flr_lr': 0.1, 'flr_rounds': 800}",L3a_联邦LR,55,27,N2_交互_高,interaction,2.0
0.8326958858796775,0.8064493715838557,"{'gbdt_lr': 0.05, 'max_depth': 4, 'n_rounds': 30, 'reg_lambda': 1.0}",L3b_纵向GBDT,55,81,N2_交互_高,interaction,2.0
0.7476397215905176,0.7706358274403237,"{'dim_embed': 2, 'dim_hidden': 16, 'nn_epochs': 16, 'nn_lr': 0.03}",L3c_SplitNN,55,54,N2_交互_高,interaction,2.0
0.6476148409893993,0.6823894464957443,{'c_reg': 1.0},L0_LR,11,5,N3_阶跃_基准,threshold,0.8
0.6698763250883392,0.6811239967410334,"{'c_reg': 100.0, 'k_anonymity': 5, 'n_segments': 1024}",L1_LR,11,60,N3_阶跃_基准,threshold,0.8
0.6306316254416962,0.670272331721185,{'c_reg': 0.01},L2_LR,11,5,N3_阶跃_基准,threshold,0.8
0.6619037102473498,0.6968294416419644,{'c_reg': 10.0},L4_LR,11,5,N3_阶跃_基准,threshold,0.8
0.6618374558303887,0.6969507861389915,"{'flr_l2': 0.0001, 'flr_lr': 0.5, 'flr_rounds': 800}",L3a_联邦LR,11,27,N3_阶跃_基准,threshold,0.8
0.6517999116607774,0.6978782047948411,"{'gbdt_lr': 0.1, 'max_depth': 3, 'n_rounds': 30, 'reg_lambda': 10.0}",L3b_纵向GBDT,11,81,N3_阶跃_基准,threshold,0.8
0.679726148409894,0.6551042695928025,"{'dim_embed': 2, 'dim_hidden': 32, 'nn_epochs': 16, 'nn_lr': 0.03}",L3c_SplitNN,11,54,N3_阶跃_基准,threshold,0.8
0.7906779972777103,0.7220740053358079,{'c_reg': 0.01},L0_LR,22,5,N3_阶跃_基准,threshold,0.8
0.7946326748335356,0.7210107102810965,"{'c_reg': 1.0, 'k_anonymity': 5, 'n_segments': 1024}",L1_LR,22,60,N3_阶跃_基准,threshold,0.8
0.7918000220726189,0.7228279781927851,{'c_reg': 0.01},L2_LR,22,5,N3_阶跃_基准,threshold,0.8
0.8408564176139498,0.8377605072884042,{'c_reg': 0.01},L4_LR,22,5,N3_阶跃_基准,threshold,0.8
0.8381893094949049,0.8382244905850056,"{'flr_l2': 0.01, 'flr_lr': 1.0, 'flr_rounds': 800}",L3a_联邦LR,22,27,N3_阶跃_基准,threshold,0.8
0.8155832689548614,0.7582840351080695,"{'gbdt_lr': 0.3, 'max_depth': 4, 'n_rounds': 30, 'reg_lambda': 1.0}",L3b_纵向GBDT,22,81,N3_阶跃_基准,threshold,0.8
0.8386491557223263,0.8453195684955341,"{'dim_embed': 8, 'dim_hidden': 32, 'nn_epochs': 16, 'nn_lr': 0.03}",L3c_SplitNN,22,54,N3_阶跃_基准,threshold,0.8
0.6733824545245222,0.7104303553613815,{'c_reg': 100.0},L0_LR,33,5,N3_阶跃_基准,threshold,0.8
0.6734646886615573,0.7121504007705803,"{'c_reg': 0.01, 'k_anonymity': 5, 'n_segments': 1024}",L1_LR,33,60,N3_阶跃_基准,threshold,0.8
0.6925430084536692,0.725463552237779,{'c_reg': 100.0},L2_LR,33,5,N3_阶跃_基准,threshold,0.8
0.7692510114798856,0.7942825690598232,{'c_reg': 0.01},L4_LR,33,5,N3_阶跃_基准,threshold,0.8
0.7679681589421401,0.7911864873232654,"{'flr_l2': 0.01, 'flr_lr': 0.1, 'flr_rounds': 400}",L3a_联邦LR,33,27,N3_阶跃_基准,threshold,0.8
0.7394493602184139,0.7569919845883932,"{'gbdt_lr': 0.3, 'max_depth': 2, 'n_rounds': 60, 'reg_lambda': 10.0}",L3b_纵向GBDT,33,81,N3_阶跃_基准,threshold,0.8
0.7573928489194435,0.764267776669304,"{'dim_embed': 4, 'dim_hidden': 8, 'nn_epochs': 16, 'nn_lr': 0.01}",L3c_SplitNN,33,54,N3_阶跃_基准,threshold,0.8
0.7082258190632575,0.6918026418026418,{'c_reg': 10.0},L0_LR,44,5,N3_阶跃_基准,threshold,0.8
0.7433927594026116,0.6896658896658897,"{'c_reg': 100.0, 'k_anonymity': 5, 'n_segments': 1024}",L1_LR,44,60,N3_阶跃_基准,threshold,0.8
0.7160841348033465,0.6934731934731935,{'c_reg': 10.0},L2_LR,44,5,N3_阶跃_基准,threshold,0.8
0.8205098131206506,0.7739057239057239,{'c_reg': 1.0},L4_LR,44,5,N3_阶跃_基准,threshold,0.8
0.8203729767769177,0.7737503237503238,"{'flr_l2': 0.0001, 'flr_lr': 0.5, 'flr_rounds': 800}",L3a_联邦LR,44,27,N3_阶跃_基准,threshold,0.8
0.7952146375791697,0.7606578606578606,"{'gbdt_lr': 0.05, 'max_depth': 2, 'n_rounds': 120, 'reg_lambda': 10.0}",L3b_纵向GBDT,44,81,N3_阶跃_基准,threshold,0.8
0.7956251466103683,0.7761719761719761,"{'dim_embed': 8, 'dim_hidden': 8, 'nn_epochs': 16, 'nn_lr': 0.03}",L3c_SplitNN,44,54,N3_阶跃_基准,threshold,0.8
0.7097088791848617,0.778951201747997,{'c_reg': 100.0},L0_LR,55,5,N3_阶跃_基准,threshold,0.8
0.7177292576419214,0.7850439800549049,"{'c_reg': 100.0, 'k_anonymity': 5, 'n_segments': 64}",L1_LR,55,60,N3_阶跃_基准,threshold,0.8
0.7249636098981077,0.7855201972099277,{'c_reg': 100.0},L2_LR,55,5,N3_阶跃_基准,threshold,0.8
0.7902328966521106,0.8048350047621716,{'c_reg': 100.0},L4_LR,55,5,N3_阶跃_基准,threshold,0.8
0.7904221251819505,0.8047229536668721,"{'flr_l2': 1e-05, 'flr_lr': 0.5, 'flr_rounds': 800}",L3a_联邦LR,55,27,N3_阶跃_基准,threshold,0.8
0.7599272197962155,0.7931816908510281,"{'gbdt_lr': 0.3, 'max_depth': 3, 'n_rounds': 60, 'reg_lambda': 10.0}",L3b_纵向GBDT,55,81,N3_阶跃_基准,threshold,0.8
0.7851091703056768,0.7721020785478179,"{'dim_embed': 8, 'dim_hidden': 8, 'nn_epochs': 16, 'nn_lr': 0.003}",L3c_SplitNN,55,54,N3_阶跃_基准,threshold,0.8
0.6694100473170241,0.6040845212819734,{'c_reg': 10.0},L0_LR,11,5,N4_阶跃_高,threshold,2.0
0.7033121916842847,0.6106359316550399,"{'c_reg': 100.0, 'k_anonymity': 5, 'n_segments': 1024}",L1_LR,11,60,N4_阶跃_高,threshold,2.0
0.6571277559649653,0.5844100697603882,{'c_reg': 0.01},L2_LR,11,5,N4_阶跃_高,threshold,2.0
0.7190174166918354,0.6852896572641796,{'c_reg': 1.0},L4_LR,11,5,N4_阶跃_高,threshold,2.0
0.7191180912111145,0.6855120816904257,"{'flr_l2': 1e-05, 'flr_lr': 0.5, 'flr_rounds': 800}",L3a_联邦LR,11,27,N4_阶跃_高,threshold,2.0
0.7669636564985403,0.6918713982408249,"{'gbdt_lr': 0.1, 'max_depth': 3, 'n_rounds': 30, 'reg_lambda': 1.0}",L3b_纵向GBDT,11,81,N4_阶跃_高,threshold,2.0
0.7731299708043894,0.6630269942371853,"{'dim_embed': 2, 'dim_hidden': 32, 'nn_epochs': 16, 'nn_lr': 0.03}",L3c_SplitNN,11,54,N4_阶跃_高,threshold,2.0
0.7822914181181898,0.7003159209462934,{'c_reg': 10.0},L0_LR,22,5,N4_阶跃_高,threshold,2.0
0.8044221745009146,0.6901403276761443,"{'c_reg': 100.0, 'k_anonymity': 10, 'n_segments': 256}",L1_LR,22,60,N4_阶跃_高,threshold,2.0
0.7806609401097591,0.7013077657776798,{'c_reg': 0.1},L2_LR,22,5,N4_阶跃_高,threshold,2.0
0.883142448103078,0.845621188744398,{'c_reg': 0.01},L4_LR,22,5,N4_阶跃_高,threshold,2.0
0.8814920862164957,0.8446660789067666,"{'flr_l2': 0.01, 'flr_lr': 1.0, 'flr_rounds': 800}",L3a_联邦LR,22,27,N4_阶跃_高,threshold,2.0
0.874751451523105,0.8500477554918816,"{'gbdt_lr': 0.1, 'max_depth': 3, 'n_rounds': 30, 'reg_lambda': 1.0}",L3b_纵向GBDT,22,81,N4_阶跃_高,threshold,2.0
0.8779925236618149,0.8436191315847477,"{'dim_embed': 8, 'dim_hidden': 16, 'nn_epochs': 16, 'nn_lr': 0.03}",L3c_SplitNN,22,54,N4_阶跃_高,threshold,2.0
0.6949115764348487,0.7047351524879615,{'c_reg': 1.0},L0_LR,33,5,N4_阶跃_高,threshold,2.0
0.7115655853314526,0.6760232744783307,"{'c_reg': 100.0, 'k_anonymity': 20, 'n_segments': 256}",L1_LR,33,60,N4_阶跃_高,threshold,2.0
0.7064120646631225,0.719763242375602,{'c_reg': 10.0},L2_LR,33,5,N4_阶跃_高,threshold,2.0
0.840240859281762,0.8258828250401284,{'c_reg': 0.01},L4_LR,33,5,N4_阶跃_高,threshold,2.0
0.8401142815811363,0.8244181380417336,"{'flr_l2': 0.01, 'flr_lr': 0.5, 'flr_rounds': 800}",L3a_联邦LR,33,27,N4_阶跃_高,threshold,2.0
0.818198256844237,0.8078852327447833,"{'gbdt_lr': 0.1, 'max_depth': 2, 'n_rounds': 120, 'reg_lambda': 1.0}",L3b_纵向GBDT,33,81,N4_阶跃_高,threshold,2.0
0.8342012947090521,0.78892455858748,"{'dim_embed': 4, 'dim_hidden': 8, 'nn_epochs': 16, 'nn_lr': 0.01}",L3c_SplitNN,33,54,N4_阶跃_高,threshold,2.0
0.7255263157894737,0.6987976059475564,{'c_reg': 0.1},L0_LR,44,5,N4_阶跃_高,threshold,2.0
0.7746710526315789,0.6917389087200407,"{'c_reg': 100.0, 'k_anonymity': 5, 'n_segments': 1024}",L1_LR,44,60,N4_阶跃_高,threshold,2.0
0.730219298245614,0.6985560535709493,{'c_reg': 10.0},L2_LR,44,5,N4_阶跃_高,threshold,2.0
0.8731140350877193,0.8331275664940014,{'c_reg': 100.0},L4_LR,44,5,N4_阶跃_高,threshold,2.0
0.8730701754385964,0.8331409860704797,"{'flr_l2': 1e-05, 'flr_lr': 1.0, 'flr_rounds': 800}",L3a_联邦LR,44,27,N4_阶跃_高,threshold,2.0
0.8474122807017543,0.8098982796102956,"{'gbdt_lr': 0.1, 'max_depth': 2, 'n_rounds': 60, 'reg_lambda': 10.0}",L3b_纵向GBDT,44,81,N4_阶跃_高,threshold,2.0
0.8551315789473684,0.8519015539869562,"{'dim_embed': 8, 'dim_hidden': 8, 'nn_epochs': 16, 'nn_lr': 0.01}",L3c_SplitNN,44,54,N4_阶跃_高,threshold,2.0
0.6775924583031182,0.7598690909090908,{'c_reg': 0.01},L0_LR,55,5,N4_阶跃_高,threshold,2.0
0.6928531141729112,0.7725672727272728,"{'c_reg': 10.0, 'k_anonymity': 5, 'n_segments': 64}",L1_LR,55,60,N4_阶跃_高,threshold,2.0
0.6919668036419305,0.7822109090909092,{'c_reg': 1.0},L2_LR,55,5,N4_阶跃_高,threshold,2.0
0.7875110788816373,0.8455854545454545,{'c_reg': 100.0},L4_LR,55,5,N4_阶跃_高,threshold,2.0
0.7876561115139795,0.8451781818181818,"{'flr_l2': 1e-05, 'flr_lr': 1.0, 'flr_rounds': 200}",L3a_联邦LR,55,27,N4_阶跃_高,threshold,2.0
0.7684312303601644,0.8035345454545455,"{'gbdt_lr': 0.1, 'max_depth': 3, 'n_rounds': 60, 'reg_lambda': 1.0}",L3b_纵向GBDT,55,81,N4_阶跃_高,threshold,2.0
0.8044798968656836,0.7741672727272727,"{'dim_embed': 8, 'dim_hidden': 8, 'nn_epochs': 16, 'nn_lr': 0.003}",L3c_SplitNN,55,54,N4_阶跃_高,threshold,2.0
0.6640738857820708,0.6721380471380471,{'c_reg': 0.01},L0_LR,11,5,N5_交互_零互补,interaction,0.0
0.6666158278257922,0.6724617974617974,"{'c_reg': 0.01, 'k_anonymity': 20, 'n_segments': 256}",L1_LR,11,60,N5_交互_零互补,interaction,0.0
0.6617522453821386,0.6681721056721056,{'c_reg': 0.01},L2_LR,11,5,N5_交互_零互补,interaction,0.0
0.6754787324182342,0.7112470862470862,{'c_reg': 0.01},L4_LR,11,5,N5_交互_零互补,interaction,0.0
0.6754787324182342,0.7062451437451438,"{'flr_l2': 0.01, 'flr_lr': 0.1, 'flr_rounds': 200}",L3a_联邦LR,11,27,N5_交互_零互补,interaction,0.0
0.6704880528723945,0.6896691271691272,"{'gbdt_lr': 0.05, 'max_depth': 2, 'n_rounds': 30, 'reg_lambda': 10.0}",L3b_纵向GBDT,11,81,N5_交互_零互补,interaction,0.0
0.6605998983223182,0.6766058016058016,"{'dim_embed': 2, 'dim_hidden': 32, 'nn_epochs': 8, 'nn_lr': 0.03}",L3c_SplitNN,11,54,N5_交互_零互补,interaction,0.0
0.7495692749461593,0.7155840684309009,{'c_reg': 1.0},L0_LR,22,5,N5_交互_零互补,interaction,0.0
0.7496590093323763,0.7163191659983961,"{'c_reg': 10.0, 'k_anonymity': 5, 'n_segments': 16}",L1_LR,22,60,N5_交互_零互补,interaction,0.0
0.7465183058147883,0.7154337075648222,{'c_reg': 0.1},L2_LR,22,5,N5_交互_零互补,interaction,0.0
0.7488693467336682,0.7192929697941727,{'c_reg': 1.0},L4_LR,22,5,N5_交互_零互补,interaction,0.0
0.7493539124192391,0.71615209836942,"{'flr_l2': 1e-05, 'flr_lr': 0.1, 'flr_rounds': 800}",L3a_联邦LR,22,27,N5_交互_零互补,interaction,0.0
0.7510588657573583,0.7418136861801656,"{'gbdt_lr': 0.3, 'max_depth': 3, 'n_rounds': 30, 'reg_lambda': 10.0}",L3b_纵向GBDT,22,81,N5_交互_零互补,interaction,0.0
0.7670674802584351,0.6845596097300186,"{'dim_embed': 2, 'dim_hidden': 32, 'nn_epochs': 16, 'nn_lr': 0.01}",L3c_SplitNN,22,54,N5_交互_零互补,interaction,0.0
0.6879949465380705,0.7144537419766778,{'c_reg': 1.0},L0_LR,33,5,N5_交互_零互补,interaction,0.0
0.6909222568021446,0.7204019222367846,"{'c_reg': 100.0, 'k_anonymity': 5, 'n_segments': 64}",L1_LR,33,60,N5_交互_零互补,interaction,0.0
0.7053585184728685,0.7138488422892093,{'c_reg': 100.0},L2_LR,33,5,N5_交互_零互补,interaction,0.0
0.7192401318830309,0.7796484860705044,{'c_reg': 0.01},L4_LR,33,5,N5_交互_零互补,interaction,0.0
0.7195328629094383,0.7834795174244715,"{'flr_l2': 0.01, 'flr_lr': 0.1, 'flr_rounds': 200}",L3a_联邦LR,33,27,N5_交互_零互补,interaction,0.0
0.7274982282069455,0.7206707665423262,"{'gbdt_lr': 0.05, 'max_depth': 3, 'n_rounds': 60, 'reg_lambda': 0.1}",L3b_纵向GBDT,33,81,N5_交互_零互补,interaction,0.0
0.7034172495609033,0.7581409416271802,"{'dim_embed': 8, 'dim_hidden': 32, 'nn_epochs': 8, 'nn_lr': 0.03}",L3c_SplitNN,33,54,N5_交互_零互补,interaction,0.0
0.7363573566658992,0.7132001736864959,{'c_reg': 10.0},L0_LR,44,5,N5_交互_零互补,interaction,0.0
0.7498766487944475,0.7099724996381531,"{'c_reg': 10.0, 'k_anonymity': 5, 'n_segments': 1024}",L1_LR,44,60,N5_交互_零互补,interaction,0.0
0.7450248347093846,0.716919959473151,{'c_reg': 10.0},L2_LR,44,5,N5_交互_零互补,interaction,0.0
0.7911417387585935,0.7162831089882762,{'c_reg': 100.0},L4_LR,44,5,N5_交互_零互补,interaction,0.0
0.7912568665504424,0.7163699522362137,"{'flr_l2': 1e-05, 'flr_lr': 1.0, 'flr_rounds': 800}",L3a_联邦LR,44,27,N5_交互_零互补,interaction,0.0
0.7842176244202493,0.6889998552612535,"{'gbdt_lr': 0.1, 'max_depth': 2, 'n_rounds': 120, 'reg_lambda': 0.1}",L3b_纵向GBDT,44,81,N5_交互_零互补,interaction,0.0
0.772787079372389,0.6829787234042554,"{'dim_embed': 4, 'dim_hidden': 16, 'nn_epochs': 8, 'nn_lr': 0.03}",L3c_SplitNN,44,54,N5_交互_零互补,interaction,0.0
0.7813675246984548,0.76464,{'c_reg': 0.01},L0_LR,55,5,N5_交互_零互补,interaction,0.0
0.7837448118630527,0.7549381818181817,"{'c_reg': 100.0, 'k_anonymity': 5, 'n_segments': 16}",L1_LR,55,60,N5_交互_零互补,interaction,0.0
0.7813090668173581,0.7646254545454545,{'c_reg': 0.01},L2_LR,55,5,N5_交互_零互补,interaction,0.0
0.8263995791032561,0.777090909090909,{'c_reg': 10.0},L4_LR,55,5,N5_交互_零互补,interaction,0.0
0.8264580369843528,0.7770472727272728,"{'flr_l2': 1e-05, 'flr_lr': 0.5, 'flr_rounds': 800}",L3a_联邦LR,55,27,N5_交互_零互补,interaction,0.0
0.8423975525633781,0.7592,"{'gbdt_lr': 0.3, 'max_depth': 2, 'n_rounds': 30, 'reg_lambda': 1.0}",L3b_纵向GBDT,55,81,N5_交互_零互补,interaction,0.0
0.8362594750482278,0.736,"{'dim_embed': 8, 'dim_hidden': 8, 'nn_epochs': 16, 'nn_lr': 0.003}",L3c_SplitNN,55,54,N5_交互_零互补,interaction,0.0
0.6385159010600707,0.6668323863636364,{'c_reg': 1.0},L0_LR,11,5,N6_线性_对照,linear,0.8
0.6825309187279153,0.6607244318181817,"{'c_reg': 100.0, 'k_anonymity': 5, 'n_segments': 1024}",L1_LR,11,60,N6_线性_对照,linear,0.8
0.6169390459363957,0.6643288352272727,{'c_reg': 0.01},L2_LR,11,5,N6_线性_对照,linear,0.8
0.6513250883392225,0.6796164772727272,{'c_reg': 0.1},L4_LR,11,5,N6_线性_对照,linear,0.8
0.6514134275618375,0.6782137784090909,"{'flr_l2': 1e-05, 'flr_lr': 1.0, 'flr_rounds': 800}",L3a_联邦LR,11,27,N6_线性_对照,linear,0.8
0.6403268551236749,0.6085404829545454,"{'gbdt_lr': 0.05, 'max_depth': 3, 'n_rounds': 30, 'reg_lambda': 1.0}",L3b_纵向GBDT,11,81,N6_线性_对照,linear,0.8
0.6691033568904593,0.6898259943181818,"{'dim_embed': 4, 'dim_hidden': 8, 'nn_epochs': 8, 'nn_lr': 0.03}",L3c_SplitNN,11,54,N6_线性_对照,linear,0.8
0.7633815252179671,0.741610385974735,{'c_reg': 0.1},L0_LR,22,5,N6_线性_对照,linear,0.8
0.7754111025273148,0.7456870910172516,"{'c_reg': 100.0, 'k_anonymity': 5, 'n_segments': 256}",L1_LR,22,60,N6_线性_对照,linear,0.8
0.7644299746164882,0.7433075550267697,{'c_reg': 0.01},L2_LR,22,5,N6_线性_对照,linear,0.8
0.8252216458816172,0.8522938027084719,{'c_reg': 0.1},L4_LR,22,5,N6_线性_对照,linear,0.8
0.8252400397307141,0.8538509990551841,"{'flr_l2': 0.01, 'flr_lr': 1.0, 'flr_rounds': 800}",L3a_联邦LR,22,27,N6_线性_对照,linear,0.8
0.7965088474414156,0.8044581306645204,"{'gbdt_lr': 0.3, 'max_depth': 2, 'n_rounds': 30, 'reg_lambda': 0.1}",L3b_纵向GBDT,22,81,N6_线性_对照,linear,0.8
0.8219475407423757,0.8450152220317038,"{'dim_embed': 4, 'dim_hidden': 32, 'nn_epochs': 8, 'nn_lr': 0.03}",L3c_SplitNN,22,54,N6_线性_对照,linear,0.8
0.6692242974928487,0.6835062911012278,{'c_reg': 100.0},L0_LR,33,5,N6_线性_对照,linear,0.8
0.6833585731112233,0.6683582316493709,"{'c_reg': 100.0, 'k_anonymity': 20, 'n_segments': 256}",L1_LR,33,60,N6_线性_对照,linear,0.8
0.6924953727073868,0.6968107347854184,{'c_reg': 100.0},L2_LR,33,5,N6_线性_对照,linear,0.8
0.782735991923271,0.7929448435777549,{'c_reg': 0.01},L4_LR,33,5,N6_线性_对照,linear,0.8
0.7823321554770316,0.7908351389364048,"{'flr_l2': 0.01, 'flr_lr': 0.5, 'flr_rounds': 200}",L3a_联邦LR,33,27,N6_线性_对照,linear,0.8
0.7741544674406865,0.7538487854943551,"{'gbdt_lr': 0.05, 'max_depth': 3, 'n_rounds': 120, 'reg_lambda': 0.1}",L3b_纵向GBDT,33,81,N6_线性_对照,linear,0.8
0.776123170116103,0.7428441099327175,"{'dim_embed': 4, 'dim_hidden': 8, 'nn_epochs': 8, 'nn_lr': 0.01}",L3c_SplitNN,33,54,N6_线性_对照,linear,0.8
0.7239943542695837,0.6984889556885585,{'c_reg': 100.0},L0_LR,44,5,N6_线性_对照,linear,0.8
0.7564749470712773,0.715142650097963,"{'c_reg': 100.0, 'k_anonymity': 5, 'n_segments': 1024}",L1_LR,44,60,N6_线性_对照,linear,0.8
0.7325864502470008,0.7010789339488447,{'c_reg': 100.0},L2_LR,44,5,N6_线性_对照,linear,0.8
0.8299047282992237,0.809052846292171,{'c_reg': 0.01},L4_LR,44,5,N6_线性_对照,linear,0.8
0.8316160903316866,0.8103545452105531,"{'flr_l2': 0.01, 'flr_lr': 0.1, 'flr_rounds': 200}",L3a_联邦LR,44,27,N6_线性_对照,linear,0.8
0.8385673959068455,0.7917550122118145,"{'gbdt_lr': 0.1, 'max_depth': 2, 'n_rounds': 120, 'reg_lambda': 0.1}",L3b_纵向GBDT,44,81,N6_线性_对照,linear,0.8
0.821471418489767,0.7987466115569394,"{'dim_embed': 2, 'dim_hidden': 8, 'nn_epochs': 16, 'nn_lr': 0.01}",L3c_SplitNN,44,54,N6_线性_对照,linear,0.8
0.7346041796473738,0.7388444554241422,{'c_reg': 0.01},L0_LR,55,5,N6_线性_对照,linear,0.8
0.7427209807520672,0.7379952444183676,"{'c_reg': 100.0, 'k_anonymity': 5, 'n_segments': 1024}",L1_LR,55,60,N6_线性_对照,linear,0.8
0.7488843608440126,0.7479387332859834,{'c_reg': 10.0},L2_LR,55,5,N6_线性_对照,linear,0.8
0.8229964804742098,0.7735077046598524,{'c_reg': 10.0},L4_LR,55,5,N6_线性_对照,linear,0.8
0.8231311991647441,0.7735385850600625,"{'flr_l2': 1e-05, 'flr_lr': 0.5, 'flr_rounds': 800}",L3a_联邦LR,55,27,N6_线性_对照,linear,0.8
0.8017782867150531,0.7494827532964827,"{'gbdt_lr': 0.1, 'max_depth': 2, 'n_rounds': 120, 'reg_lambda': 1.0}",L3b_纵向GBDT,55,81,N6_线性_对照,linear,0.8
0.8313827189599717,0.7488342648920729,"{'dim_embed': 8, 'dim_hidden': 8, 'nn_epochs': 16, 'nn_lr': 0.003}",L3c_SplitNN,55,54,N6_线性_对照,linear,0.8
